x,y,z,yaw,holdtime
0,0,1,0,3
-0.16279,0.98666,1,0,3
0,0,1,0,3
