x,y,z,yaw,holdtime
0,0,1,0,3
-0.99995,0.010279,1,0,3
0,0,1,0,3
