x,y,z,yaw,holdtime
0,0,1,0,3
0.73327,0.67994,1,0,3
0,0,1,0,3
