x,y,z,yaw,holdtime
0,0,1,0,3
-0.85988,-0.51049,1,0,3
0,0,1,0,3
