x,y,z,yaw,holdtime
0,0,1,0,3
-0.42747,-0.90403,1,0,3
0,0,1,0,3
