x,y,z,yaw,holdtime
0,0,1,0,3
0.96818,-0.25025,1,0,3
0,0,1,0,3
