x,y,z,yaw,holdtime
0,0,1,0,3
-0.53787,0.84303,1,0,3
0,0,1,0,3
