x,y,z,yaw,holdtime
0,0,1,0,3
-0.56157,-0.82743,1,0,3
0,0,1,0,3
