x,y,z,yaw,holdtime
0,0,2,0,3
-0.00681,0.99998,2,0,3
0,0,2,0,3
