x,y,z,yaw,holdtime
0,0,2,0,3
0.32929,0.94423,2,0,3
0,0,2,0,3
