x,y,z,yaw,holdtime
0,0,2,0,3
0.39302,-0.91953,2,0,3
0,0,2,0,3
