x,y,z,yaw,holdtime
0,0,2,0,3
-0.74575,-0.66622,2,0,3
0,0,2,0,3
