x,y,z,yaw,holdtime
0,0,2,0,3
0.90285,-0.42996,2,0,3
0,0,2,0,3
