x,y,z,yaw,holdtime
0,0,2,0,3
0.040673,0.99917,2,0,3
0,0,2,0,3
