x,y,z,yaw,holdtime
0,0,2,0,3
-0.026902,0.99964,2,0,3
0,0,2,0,3
