x,y,z,yaw,holdtime
0,0,2,0,3
-0.98595,0.16704,2,0,3
0,0,2,0,3
